-- phpMyAdmin SQL Dump
-- version 4.7.0
-- https://www.phpmyadmin.net/
--
-- Servidor: localhost
-- Tiempo de generación: 29-01-2018 a las 17:20:23
-- Versión del servidor: 10.1.21-MariaDB
-- Versión de PHP: 5.6.30

SET SQL_MODE = "NO_AUTO_VALUE_ON_ZERO";
SET AUTOCOMMIT = 0;
START TRANSACTION;
SET time_zone = "+00:00";


/*!40101 SET @OLD_CHARACTER_SET_CLIENT=@@CHARACTER_SET_CLIENT */;
/*!40101 SET @OLD_CHARACTER_SET_RESULTS=@@CHARACTER_SET_RESULTS */;
/*!40101 SET @OLD_COLLATION_CONNECTION=@@COLLATION_CONNECTION */;
/*!40101 SET NAMES utf8mb4 */;

--
-- Base de datos: `ecommerce`
--

-- --------------------------------------------------------

--
-- Estructura de tabla para la tabla `categories`
--

CREATE TABLE `categories` (
  `idCategory` int(11) NOT NULL,
  `name` varchar(50) NOT NULL
) ENGINE=InnoDB DEFAULT CHARSET=latin1;

--
-- Volcado de datos para la tabla `categories`
--

INSERT INTO `categories` (`idCategory`, `name`) VALUES
(1, 'Carss'),
(2, 'Books'),
(3, 'Laptops'),
(4, 'Phone'),
(5, 'Perfume'),
(20, 'Bikesssss');

-- --------------------------------------------------------

--
-- Estructura de tabla para la tabla `country`
--

CREATE TABLE `country` (
  `code` varchar(2) NOT NULL,
  `name` varchar(50) NOT NULL
) ENGINE=InnoDB DEFAULT CHARSET=latin1;

--
-- Volcado de datos para la tabla `country`
--

INSERT INTO `country` (`code`, `name`) VALUES
('DN', 'DENMARK'),
('IT', 'ITALY'),
('SP', 'SPAIN');

-- --------------------------------------------------------

--
-- Estructura de tabla para la tabla `prices`
--

CREATE TABLE `prices` (
  `idPrice` int(11) NOT NULL,
  `idProduct` int(11) NOT NULL,
  `price` int(11) NOT NULL
) ENGINE=InnoDB DEFAULT CHARSET=latin1;

--
-- Volcado de datos para la tabla `prices`
--

INSERT INTO `prices` (`idPrice`, `idProduct`, `price`) VALUES
(1, 4, 500),
(2, 1, 100000),
(3, 3, 20),
(4, 2, 80000),
(5, 7, 10000),
(6, 8, 300);

-- --------------------------------------------------------

--
-- Estructura de tabla para la tabla `products`
--

CREATE TABLE `products` (
  `idProduct` int(11) NOT NULL,
  `idCategory` int(11) NOT NULL,
  `name` varchar(50) NOT NULL,
  `description` text NOT NULL,
  `qty` int(11) NOT NULL
) ENGINE=InnoDB DEFAULT CHARSET=latin1;

--
-- Volcado de datos para la tabla `products`
--

INSERT INTO `products` (`idProduct`, `idCategory`, `name`, `description`, `qty`) VALUES
(1, 1, 'Mercedes', '\"Neque porro quisquam est qui dolorem ipsum quia dolor sit amet, consectetur, adipisci velit...\"\r\n\"There is no one who loves pain itself, who seeks after it and wants to have it, simply because it is pain...\"', 5),
(2, 1, 'Porche', '\"Neque porro quisquam est qui dolorem ipsum quia dolor sit amet, consectetur, adipisci velit...\"\r\n\"There is no one who loves pain itself, who seeks after it and wants to have it, simply because it is pain...\"', 1),
(3, 2, 'Harry potter', '\"Neque porro quisquam est qui dolorem ipsum quia dolor sit amet, consectetur, adipisci velit...\"\r\n\"There is no one who loves pain itself, who seeks after it and wants to have it, simply because it is pain...\"', 300),
(4, 4, 'iPhone 6', '\"Neque porro quisquam est qui dolorem ipsum quia dolor sit amet, consectetur, adipisci velit...\"\r\n\"There is no one who loves pain itself, who seeks after it and wants to have it, simply because it is pain...\"', 0),
(7, 1, 'Ferrari', '\"Neque porro quisquam est qui dolorem ipsum quia dolor sit amet, consectetur, adipisci velit...\"\r\n\"There is no one who loves pain itself, who seeks after it and wants to have it, simply because it is pain...\"', 1),
(8, 4, 'Samsung s8', 'asdddddddddddddddddddddddddddddddddddddddddddddd\"Neque porro quisquam est qui dolorem ipsum quia dolor sit amet, consectetur, adipisci velit...\"\r\n\"There is no one who loves pain itself, who seeks after it and wants to have it, simply because it is pain...\"\"Neque porro quisquam est qui dolorem ipsum quia dolor sit amet, consectetur, adipisci velit...\"\r\n\"There is no one who loves pain itself, who seeks after it and wants to have it, simply because it is pain...\"', 1),
(9, 4, 'iPhone 5', '\"Neque porro quisquam est qui dolorem ipsum quia dolor sit amet, consectetur, adipisci velit...\"\r\n\"There is no one who loves pain itself, who seeks after it and wants to have it, simply because it is pain...\"', 0),
(10, 5, 'Chanel Perfume', '\"Neque porro quisquam est qui dolorem ipsum quia dolor sit amet, consectetur, adipisci velit...\"\r\n\"There is no one who loves pain itself, who seeks after it and wants to have it, simply because it is pain...\"', 2);

-- --------------------------------------------------------

--
-- Estructura de tabla para la tabla `users`
--

CREATE TABLE `users` (
  `idUser` int(11) NOT NULL,
  `nameuser` varchar(50) NOT NULL,
  `birthday` date NOT NULL,
  `country` varchar(2) NOT NULL,
  `username` varchar(50) NOT NULL,
  `email` varchar(50) NOT NULL
) ENGINE=InnoDB DEFAULT CHARSET=latin1;

--
-- Volcado de datos para la tabla `users`
--

INSERT INTO `users` (`idUser`, `nameuser`, `birthday`, `country`, `username`, `email`) VALUES
(1, 'Andrea', '1977-02-21', 'DN', 'andrea', 'andrea@gmail.com'),
(2, 'Andrea', '1977-02-21', 'DN', 'andrea', 'andrea@gmail.com'),
(3, 'Andrea', '1977-02-21', 'DN', 'andrea', 'andrea@gmail.com'),
(4, 'Andrea', '1977-02-21', 'DN', 'andrea', 'andrea@gmail.com'),
(5, 'Andrea', '1977-02-21', 'DN', 'andrea', 'andrea@gmail.com'),
(6, 'pippo', '2999-02-02', 'IT', 'asdadssddas', 'saf@gmail.com'),
(7, 'pippo', '2999-02-02', 'IT', 'asdadssddas', 'saf@gmail.com'),
(8, 'pippo', '2999-02-02', 'IT', 'asdadssddas', 'saf@gmail.com');

--
-- Índices para tablas volcadas
--

--
-- Indices de la tabla `categories`
--
ALTER TABLE `categories`
  ADD PRIMARY KEY (`idCategory`);

--
-- Indices de la tabla `country`
--
ALTER TABLE `country`
  ADD PRIMARY KEY (`code`);

--
-- Indices de la tabla `prices`
--
ALTER TABLE `prices`
  ADD PRIMARY KEY (`idPrice`),
  ADD KEY `idProduct` (`idProduct`);

--
-- Indices de la tabla `products`
--
ALTER TABLE `products`
  ADD PRIMARY KEY (`idProduct`),
  ADD KEY `idCategory` (`idCategory`);

--
-- Indices de la tabla `users`
--
ALTER TABLE `users`
  ADD PRIMARY KEY (`idUser`);

--
-- AUTO_INCREMENT de las tablas volcadas
--

--
-- AUTO_INCREMENT de la tabla `categories`
--
ALTER TABLE `categories`
  MODIFY `idCategory` int(11) NOT NULL AUTO_INCREMENT, AUTO_INCREMENT=21;
--
-- AUTO_INCREMENT de la tabla `prices`
--
ALTER TABLE `prices`
  MODIFY `idPrice` int(11) NOT NULL AUTO_INCREMENT, AUTO_INCREMENT=7;
--
-- AUTO_INCREMENT de la tabla `products`
--
ALTER TABLE `products`
  MODIFY `idProduct` int(11) NOT NULL AUTO_INCREMENT, AUTO_INCREMENT=11;
--
-- AUTO_INCREMENT de la tabla `users`
--
ALTER TABLE `users`
  MODIFY `idUser` int(11) NOT NULL AUTO_INCREMENT, AUTO_INCREMENT=9;
--
-- Restricciones para tablas volcadas
--

--
-- Filtros para la tabla `prices`
--
ALTER TABLE `prices`
  ADD CONSTRAINT `prices_ibfk_1` FOREIGN KEY (`idProduct`) REFERENCES `products` (`idProduct`);

--
-- Filtros para la tabla `products`
--
ALTER TABLE `products`
  ADD CONSTRAINT `products_ibfk_1` FOREIGN KEY (`idCategory`) REFERENCES `categories` (`idCategory`);
COMMIT;

/*!40101 SET CHARACTER_SET_CLIENT=@OLD_CHARACTER_SET_CLIENT */;
/*!40101 SET CHARACTER_SET_RESULTS=@OLD_CHARACTER_SET_RESULTS */;
/*!40101 SET COLLATION_CONNECTION=@OLD_COLLATION_CONNECTION */;
